Date,Name,Email,Number
4/17/2019 1:03,Spongebob Squarepants,Ilovekrabbypatties@gmail.com,000-000-0000
4/17/2019 1:03,Bob Ross,HappyTrees@gmail.com,123-444-5678
4/17/2019 1:03,Mr Timn,MrTimmnnnnn@gmail.com,801-456-1478
04-22-2019 12:22,Kyler Hansen,Kyler4Hansen@gmail.com,564-555-1234
09-05-2019 04:15,Kyler Hansen,Kyler4Hansen@gmail.com,801-837-8882
09-05-2019 05:12,Patricia,Kyler4Hansen@gmail.com,
09-05-2019 05:27,John,Kyler4Hansen@gmail.com,123-456-5584
09-05-2019 05:32,Kyler,Kyler4Hansen@gmail.com,2313245
09-06-2019 10:37,KmanA,Kyler4Hansen@gmail.com,
09-06-2019 10:37,Kuya,Kyler4Hansen@gmail.com,123456
09-06-2019 10:37,Sarah,Kyler4Hansen@gmail.com,
09-06-2019 10:53,Kyler,Kyler4Hansen@gmail.com,
09-06-2019 10:53,Johnnay,Kyler4Hansen@gmail.com,
09-06-2019 10:53,Timmn,Kyler4Hansen@gmail.com,
09-06-2019 10:57,Bob,Kyler4Hansen@gmail.com,
09-06-2019 11:01,Caitlyn,Kyler4Hansen@gmail.com,
09-06-2019 11:37,Buny,Kyler4Hansen@gmail.com,
09-07-2019 03:30,KYler,Kyler4Hansen@gmail.com,32145615
09-09-2019 10:18,Bob,Kyler4Hansen@gmail.com,
09-10-2019 09:36,Kyler,Kyler4Hansen@gmail.com,
09-10-2019 11:10,Tammy,Kyler4Hansen@gmail.com,
